{
  "tn": 84297,
  "fp": 3148,
  "fn": 4450,
  "tp": 28105,
  "precision": 0.8992736697277062,
  "recall": 0.8633082475810168,
  "f1": 0.8809240220661986,
  "roc_auc": 0.9861949900290135,
  "pr_auc": 0.9684267271003952
}