{
  "tn": 236003,
  "fp": 1382,
  "fn": 1033,
  "tp": 76578,
  "precision": 0.9822729604925476,
  "recall": 0.9866900310522865,
  "f1": 0.9844765407576791,
  "roc_auc": 0.9986330438267451,
  "pr_auc": 0.996209532850496
}