{
  "val_accuracy": 0.9911490939567487,
  "test_accuracy": 0.9911586178872113,
  "rows": 2099971,
  "features": 83
}