{
  "train_rows": 500000,
  "val_rows": 200000,
  "test_rows": 200000,
  "precision": 0.9961937069892883,
  "recall": 0.9985185861587524,
  "f1": 0.9973548054695129,
  "roc_auc": 0.9998867511749268,
  "pr_auc": 0.9997904896736145
}