{
  "train_rows": 500000,
  "val_rows": 200000,
  "test_rows": 200000,
  "precision": 0.8821144700050354,
  "recall": 0.9866376519203186,
  "f1": 0.9314529895782471,
  "roc_auc": 0.9962300062179565,
  "pr_auc": 0.9906428456306458
}