{
  "temperature": 0.9248841404914856,
  "val_metrics@0.5": {
    "precision": 0.9969403743743896,
    "recall": 0.9984374642372131,
    "f1": 0.997688353061676,
    "roc_auc": 0.9998185634613037,
    "pr_auc": 0.9997273087501526
  },
  "val_best_f1": {
    "threshold": 0.7200000286102295,
    "f1": 0.9981931447982788,
    "precision": 0.9986189007759094,
    "recall": 0.9977677464485168
  },
  "test_metrics@0.5": {
    "precision": 0.9961937069892883,
    "recall": 0.9985185861587524,
    "f1": 0.9973548054695129,
    "roc_auc": 0.999885082244873,
    "pr_auc": 0.9997530579566956
  },
  "test_metrics@val_best_f1_threshold": {
    "precision": 0.9981324672698975,
    "recall": 0.9978488683700562,
    "f1": 0.997990608215332,
    "roc_auc": 0.999885082244873,
    "pr_auc": 0.9997530579566956
  },
  "threshold_used": 0.7200000286102295
}