{
  "best_iteration": 233,
  "train_rows": 500000,
  "val_rows": 200000,
  "test_rows": 200000,
  "tn": 145557,
  "fp": 186,
  "fn": 42,
  "tp": 54215,
  "precision": 0.9965809452032132,
  "recall": 0.9992259063346665,
  "f1": 0.9979016731390754,
  "roc_auc": 0.9999611224825218,
  "pr_auc": 0.9999172282610537
}