{
  "best_iteration": 148,
  "train_rows": 500000,
  "val_rows": 200000,
  "test_rows": 200000,
  "tn": 150715,
  "fp": 8,
  "fn": 12,
  "tp": 49265,
  "precision": 0.9998376392750391,
  "recall": 0.9997564786817177,
  "f1": 0.9997970568312835,
  "roc_auc": 0.9999999318718295,
  "pr_auc": 0.9999997676408483
}